{"cameraMode":{"drawMode":0,"name":"Shaded","section":"Shading Mode"},"sceneLighting":false,"audioPlay":false,"sceneViewState":{"m_AlwaysRefresh":true,"showFog":true,"showSkybox":false,"showFlares":true,"showImageEffects":true,"showParticleSystems":true,"showVisualEffectGraphs":true,"m_FxEnabled":true},"in2DMode":false,"pivot":{"x":233.5166778564453,"y":180.87496948242188,"z":-473.4555969238281},"rotation":{"x":0.04317541420459747,"y":-0.01139384601265192,"z":-0.00047831705887801945,"w":-0.9990239143371582},"size":8.556319236755371,"orthographic":false}